ID,Prediction
01ZCuw3goSDpEp0J.jpg,tulip
06w9CHZ1GEho5r06.jpg,tulip
0CN4XYEOPRWNPpWx.jpg,tulip
0GfY8v1qW2kflhVA.jpg,tulip
0MgkvIV8429HhmqN.jpg,tulip
0SVcWI02EaDCPa5d.jpg,tulip
0SdKJ0KqTJT3b957.jpg,tulip
0eCM4xDhupI0KhJV.jpg,tulip
0kEpvFUZJn8r6GIA.jpg,tulip
0lduux1Tl2s5nl7J.jpg,tulip
0rVFbQLbLcjFbJvR.jpg,tulip
0ryt7h3w6rhzXMEP.jpg,tulip
0sDwfNeYWc1CHeRX.jpg,tulip
0wAXtVvPZY6Xpjal.jpg,tulip
0ySreIjK2EKRLv3j.jpg,tulip
0znUJlpraIcBQ4qi.jpg,tulip
11vOspAniXLXS18O.jpg,tulip
152UQp96lS7d5zBy.jpg,tulip
1A5WQu6VZEcuUeSU.jpg,tulip
1HhfG7TReD1Tq0sX.jpg,tulip
1NBYMjaOOc8fONaE.jpg,tulip
1ZM2Jplp3KVTXrrV.jpg,tulip
1cfTX06bZq2G4n24.jpg,tulip
1cmYEj46SpbHTi0a.jpg,tulip
1d9XRcO5p9f7T2Ql.jpg,tulip
1l3IWTS2aZQbtf0t.jpg,tulip
1lOXJMKTAUSDE46e.jpg,tulip
1vEp1Gv2EruN0L2h.jpg,tulip
1wng1XxCuAhP47jW.jpg,tulip
1yuhUnJxw7UNj7mB.jpg,tulip
26xjWDmJcg9UtDC4.jpg,tulip
29VW9U9dR9QU9Fwa.jpg,tulip
2DAnipq6NSELpgPU.jpg,tulip
2GRDFgKCj9OIR9Lf.jpg,tulip
2J3GI4vh6fFB3eGE.jpg,tulip
2KyK9WHFXA5tnbqy.jpg,tulip
2L9Z51pNq9FCYbt5.jpg,tulip
2LW3HxrWm8mlvFXE.jpg,tulip
2Mx0bfTMbeGs0C3O.jpg,tulip
2QvWLmEeRAMYVBYe.jpg,tulip
2XjlWBKiLzY8CENS.jpg,tulip
2np9LmCfhgOOv5c9.jpg,tulip
2o8Kr0FZitS0xoVO.jpg,tulip
2v0UXwTOfehFQ4ya.jpg,tulip
2xEegJgdM2yWCXez.jpg,tulip
30ZrjfIZQ1jyE9AN.jpg,tulip
330SKaxdslOWVDfB.jpg,dandelion
33H1BQcOSCbF4CjM.jpg,tulip
34fGYerklR4jeBAS.jpg,tulip
37uayknkLbg4eKA5.jpg,tulip
3BkwLbTvFKCD5SZP.jpg,tulip
3ECDxykUyomGzOUz.jpg,tulip
3F8EswLWNumwyYHl.jpg,tulip
3HiKxV4vV8IQdZme.jpg,tulip
3Rc0Qjg8mLC64zrZ.jpg,tulip
3SfWnEwMP2550hio.jpg,tulip
3VDbV3wjnzGv0NKW.jpg,tulip
3dociHzWCqhNTbVF.jpg,tulip
3vO2bIizpacuqBck.jpg,tulip
46RMT5TbcDkn8DGC.jpg,tulip
4B8FkAq8vgTl34be.jpg,tulip
4H2GS8dyhWq4zDtv.jpg,tulip
4L1UQdMItr8FppLz.jpg,tulip
4STIPgHct7rZY8ld.jpg,tulip
4ZSODILTgk3Typij.jpg,tulip
4cBuNaXGeKaz8TuG.jpg,tulip
4kskJiPwDUx3nPUS.jpg,tulip
4pwFMuPAb220sV9A.jpg,tulip
52jzhDld6PT7LkA5.jpg,tulip
53vzcWMDLJhCjXSV.jpg,tulip
5APjwGxZfgjEHbFh.jpg,tulip
5BfhQ1HZt2GJEzSM.jpg,tulip
5GMScKts64uWt3f7.jpg,tulip
5JY0SUQtniUFnzYH.jpg,tulip
5M8pK59WNj2mqdYX.jpg,tulip
5QHrh8fV4nwE1qi2.jpg,tulip
5Qn2uJz7y5smQbgo.jpg,dandelion
5Sra4z4PaEm6a68d.jpg,tulip
5bdSg2EXv2ds7lqv.jpg,tulip
5fkQmPG9aQYEfLUD.jpg,tulip
5gn2baU63QV8H143.jpg,tulip
5jtUOigibCw74tO7.jpg,tulip
5yaY7028KBLfBRUA.jpg,tulip
65QTjY8MY7DIsZnb.jpg,tulip
66lH8sOeuLYNB80P.jpg,tulip
68e9qoGACvRHQjrl.jpg,tulip
6Dc5xBsdlBhwOajz.jpg,tulip
6FgaNKL4Xw35vfoA.jpg,tulip
6GdGJBknJAJN1GJg.jpg,tulip
6K8fQVd7wZ7R0Hje.jpg,tulip
6KOjoXtXH2GV2bhd.jpg,tulip
6L66fuzUCMgknvyD.jpg,tulip
6NKeUwUdeAbnUzQh.jpg,tulip
6NdkfQsZBSzPmGTg.jpg,tulip
6YfdEYSAaBdES4PX.jpg,tulip
6nNRNhYkOKrnIf7c.jpg,tulip
6zimBHRwzmYQPu59.jpg,tulip
73ImhinHcaFfPyhX.jpg,tulip
73jjGWUwyOrTpyeg.jpg,tulip
73zheQqHUGJhrbHa.jpg,tulip
74XApoUbLwK2Efzw.jpg,tulip
7IKfTTueyUugfuah.jpg,tulip
7JjdgPzmKvTmuWYz.jpg,tulip
7LsIHMN9DysE6CJF.jpg,tulip
7M5jVX4WmGsceSmu.jpg,tulip
7OM5QPCoyJIuN4Ib.jpg,tulip
7OlMg6mgVlcm3xOd.jpg,tulip
7RRtCsunqUprZHbL.jpg,tulip
7ZDaAS5sPV2EsYox.jpg,tulip
7asoQ14zp5WilmqW.jpg,tulip
7eXaeAi4FIcef5Z8.jpg,tulip
7fTLIZca50f5iaNR.jpg,tulip
7fwigAoFYSrlZufG.jpg,tulip
7hcaznOoFB7stUb3.jpg,tulip
7kRqCCYFi956pxys.jpg,tulip
7urWbS8fNelmHLR1.jpg,tulip
7xKwdNy3JdZiJETw.jpg,tulip
8DhsfoRQ98LsyLv5.jpg,tulip
8HNmh67CcAYicpjG.jpg,tulip
8MIqzd3dCRp1hhcc.jpg,tulip
8RmsutLLSpwXYMi2.jpg,tulip
8Sr8oBfXi9ywBJji.jpg,tulip
8W7xIwwamTila8a0.jpg,tulip
8fprErX5nyvtZzE7.jpg,tulip
8kHfzIpNbLKaJBH5.jpg,tulip
8p7YRU5paRsKTp31.jpg,tulip
9197fJK64o9jDHgu.jpg,tulip
92RRDHUIsDDKOFY5.jpg,tulip
95Qiu4OqUEKXCcvq.jpg,tulip
95UjidE7nALOVToH.jpg,tulip
97r6fgtiT4GuEgZT.jpg,tulip
98bKj9wlqBkbnv0P.jpg,tulip
9JDo0bobGMg2fWor.jpg,tulip
9MnTY2xLQRjIy8aF.jpg,tulip
9OQ6wHyNVCbWfoSX.jpg,tulip
9TJtZ9BjNOkZtcHS.jpg,tulip
9cWhmDuN0TTyTmI5.jpg,tulip
9daDvdPRCAFM8By1.jpg,tulip
9gCvyFmDf0OLrWdu.jpg,tulip
9ikq7N8XKUp54jQY.jpg,tulip
9vGxtJL8xLIhnSPL.jpg,tulip
A81c2AR6a0P4oXL5.jpg,tulip
A8ZxqsowZOJKwGcU.jpg,tulip
ACXEO303xST2uOVN.jpg,tulip
ACpKZU7FLEOM7UYR.jpg,tulip
AStZwX694W4spAfL.jpg,tulip
AUEAFFgKrhgI6pm1.jpg,tulip
AXzioJagbEDBtCsX.jpg,tulip
AcIMaINhArVsfC3R.jpg,tulip
AjsgYkq5N6YSrZu0.jpg,tulip
Ao2iT1sYjjC4OdLJ.jpg,tulip
AqFQYkRkTZDEKTYE.jpg,tulip
Asq39ZckgoJKalCt.jpg,tulip
Av0BRREUoGhjhRbd.jpg,tulip
AvHCMSVRChboDo0f.jpg,tulip
B0z0uvLzpkKhRgBc.jpg,tulip
B8W9ZQPYQejyhsRr.jpg,tulip
B8pD0g1i0qSZb0ee.jpg,tulip
B9tfvXYQICwT9fqT.jpg,tulip
BBegHszYDjbpJTua.jpg,tulip
BLKvmkfoDCnwpOBj.jpg,tulip
BRmG6guPQyPc4a3W.jpg,tulip
BSmXWwwndr6dzLIu.jpg,tulip
BbNUqDyj7U0oOIPM.jpg,tulip
BdlqeSju1VA81GqT.jpg,daisy
Bff0cbuluJs2gegq.jpg,tulip
BguUwWs3Rlbo10b3.jpg,tulip
BhQ3J9bQnjE4tpmw.jpg,tulip
BmEj0CMCLQnGOhZn.jpg,tulip
Bmnatu5IxCBiNbVJ.jpg,tulip
BqIeAuqhY1kULNZN.jpg,tulip
BsvipJJuUTvO1khc.jpg,tulip
BwR6TqSV9G4w9opq.jpg,tulip
C10jTCBZCLGbrA2d.jpg,tulip
CKi62xtWulLInPYr.jpg,tulip
CQWZlhuLmZsRZQQa.jpg,tulip
CSX2S5H3gCrOEXMa.jpg,tulip
CZla1eT5HhsFXdDx.jpg,tulip
CfDANpZ7IEIGVS4v.jpg,tulip
CjkbhTlBJJ9ZNEVx.jpg,tulip
CkfX1hTyXGoGorNt.jpg,tulip
Co6OrnHGD7iRjQBj.jpg,tulip
D4ezgZg92nrNEfDL.jpg,tulip
DH4H865reXrNZkT0.jpg,tulip
DNwoSPEN2KYBmSJU.jpg,tulip
DW0cPkYmFEOz00md.jpg,tulip
DXe9ouQeN5h69tVP.jpg,tulip
DZsBI89ZQ788jmvj.jpg,tulip
DrwBsEAZnAndOjLp.jpg,tulip
E9nEN6S8vEoZVH5U.jpg,tulip
EHOwhImKAo5H6IQ5.jpg,tulip
EJMPYuMwrj8Cdmg8.jpg,tulip
EKTmgN68MLkPrUPe.jpg,tulip
EPZk5jbtrumRPdA1.jpg,tulip
EWS2kEeqrI9a45Ig.jpg,tulip
Elti9nxDRujsu7ia.jpg,tulip
EuuUiDl4a0GGQKSb.jpg,tulip
F3kYYzzrBS6YU3ot.jpg,tulip
F4wDplw3rpL1shki.jpg,tulip
F6pSmkNkY32GxwDN.jpg,tulip
F7OF53K4OTQFvGFU.jpg,tulip
FiOjuowsx9NVl9v5.jpg,tulip
FrPcd6JR1bxWKIiJ.jpg,tulip
FrqHreKMKCZIe9nO.jpg,tulip
FuhGbOfgQR1caWRW.jpg,tulip
FzqFqnCSruTiDVK1.jpg,tulip
G0PRfszGrzECtOGV.jpg,tulip
G0fHoNLoV1WLHrxR.jpg,tulip
GCzdp6MGjMXZZZ87.jpg,tulip
GDqWaBOmBrmG6Ihm.jpg,tulip
GG27J38SEVKcQYIw.jpg,tulip
GKAD8tSamfluBNMl.jpg,tulip
GbssgPLFJVMoA24X.jpg,tulip
Gcl6JF8NGl0I1G6a.jpg,tulip
GjnNCABs9tjqh7fT.jpg,tulip
GqkhblfwNSURzWK1.jpg,tulip
GqtZyGC7WPHXBBGs.jpg,tulip
GzsRNB8PMO9FrJLM.jpg,tulip
H5QxQctZ0vytbMLn.jpg,tulip
HAswe2ZrAk25O2nH.jpg,tulip
HGEJ633fqtKRR0Fn.jpg,tulip
HGHuEYmZyKH50jxF.jpg,tulip
HJXHCi2XCZK6QagN.jpg,tulip
HNz6mHCEmXfhaLhS.jpg,tulip
HTF4mJgRCeqHLMew.jpg,dandelion
HUs7C0EGOFoA1SNt.jpg,tulip
HbBdvvsTN9iAX5Kz.jpg,tulip
HkAyT4DPqeocgoWd.jpg,tulip
I1oyQ1B7hdwCU1TN.jpg,tulip
IDa7uZUVYL6roOAZ.jpg,tulip
IFOlexXmtzi0tgME.jpg,tulip
IFPw9S6A24NBC0qX.jpg,tulip
IJklagdVrbS51zt5.jpg,tulip
IKVvnlwUhSBwFEzG.jpg,tulip
IPYpYR9I58ZY3nH8.jpg,tulip
IW2jtSAp3MHGRai9.jpg,tulip
IWO03YCNnVC0o1Ip.jpg,tulip
Ibc5SZ440MpSV7KZ.jpg,tulip
Icn8ifldcBjFCuWI.jpg,tulip
IgGHIYq4qv4fv263.jpg,tulip
Im4vYH09ViiCwVuI.jpg,tulip
IolEzPBxbjc69tWi.jpg,tulip
IsHW84myToU4jE4t.jpg,tulip
Iy20aQZYSJaMoXe3.jpg,tulip
J6EhN7m0eFGyH5j3.jpg,tulip
J924HaWUR9tzLhZR.jpg,tulip
JANSqZ3UWpzNXHN1.jpg,tulip
JC6uYzhqSEgNN9U3.jpg,tulip
JDuZmsarqZdCxYaO.jpg,tulip
JE30iO9oecPVCAPp.jpg,tulip
JEZjU7Qru1Bjtr04.jpg,tulip
JGHD7N44Fyehy49U.jpg,tulip
JJmpLJxHnB18TLHj.jpg,tulip
JP1wHq85Qn6kYmJC.jpg,tulip
JaTbBy4XlkZQhE4L.jpg,tulip
Joj86IHHobdjFm1u.jpg,tulip
JtG7fyuI03vLdzy8.jpg,tulip
Juk9iFdW1uWs4OHX.jpg,tulip
K1lCqEC4vLNPIbG7.jpg,tulip
K2cy8cplLcEpcTgi.jpg,tulip
K3mNxbG2jpah1Wc9.jpg,tulip
K4cT1D8hhArWZZUZ.jpg,tulip
K5UeTCToAo6ujm6D.jpg,tulip
KAFIpQkmenwOC8sk.jpg,tulip
KC3n0UDA6lVl4LZI.jpg,tulip
KG4wtYimOcpM4bYM.jpg,tulip
KJ3oJCubUFVhtCrQ.jpg,tulip
KOTuEYR7QacgTvC5.jpg,tulip
KQZ4dGue6GSVkCvX.jpg,tulip
KRkZpTxCJoAobQQg.jpg,tulip
KSimHZtCZ7zEkUpi.jpg,tulip
KSrxCAxVBmHBBjVM.jpg,tulip
KVNRzDMQ9qvKUx5x.jpg,tulip
KZkVowm5XyKr4LpR.jpg,tulip
KZuCHRYxZmaQPkzB.jpg,tulip
KagG0MV6sust0k6K.jpg,tulip
Kcq32fqdGXRrmr8Y.jpg,tulip
KjZrePlkQAvYAvVp.jpg,tulip
Kl3eFEnrP4OrCgBy.jpg,tulip
Kw1tbnFIcwH9WdzA.jpg,tulip
L4XW5QnECIUnwv5x.jpg,tulip
L7gEO84Bostgjmyp.jpg,tulip
LCPUaBbcQsv9eu7B.jpg,tulip
LITH3dTpnjWoh4La.jpg,tulip
LKNATUsivDd11Mh5.jpg,dandelion
LQbp80hf5JxJAnJv.jpg,tulip
LQqTGl88Rcb8iMSf.jpg,tulip
LRt33u1dytxPqGiG.jpg,tulip
LS89Uvf7FZgRVKk3.jpg,tulip
LlQ2PNnlg0zDmfSt.jpg,tulip
Lx1pYVi8oeaWnOSy.jpg,tulip
Lz1T69qDr4aX4oTa.jpg,tulip
M0lOgeMCmFyMfZYK.jpg,tulip
M58HAgbi5iTRWock.jpg,tulip
M7YlxX7RwnSTL0ck.jpg,tulip
MAIrSifLLcnM8xNz.jpg,tulip
MBwTKF2yOU6O0hbd.jpg,tulip
MEMZ89yNxnciFol7.jpg,tulip
MOhRu4wpSSnXRVhp.jpg,tulip
MadAcQ2T7IcdNJBh.jpg,tulip
Md7Li9IcDB0khPER.jpg,tulip
MdVAB2i5ZmoIw37q.jpg,tulip
MdhNVLNZxvahF4zw.jpg,tulip
MfPn0Xokagh1lP4P.jpg,tulip
MjXMLjwLLg9r3bYz.jpg,tulip
MkRc4HBUCzFqAm8X.jpg,tulip
Mv6qT89BbCwF43EY.jpg,tulip
N40jRl2l30wv8Rb9.jpg,tulip
NBkm7VF7Io9WLJpI.jpg,tulip
NDcdiH5w0MMzyZ6k.jpg,tulip
NOK0AAKaY87W2PRf.jpg,tulip
NR75Df3Vz7Dp9fza.jpg,tulip
NTUcEPouhUbgwZOm.jpg,tulip
NVYTvKkFg18qEIHw.jpg,tulip
NYQ7VGBd4XxIsRbm.jpg,tulip
NYdrLIoBZ0E8uYE2.jpg,tulip
Nmxkg3CvachRKl8z.jpg,tulip
NnyckD9rxcona4Qz.jpg,tulip
Noy79UMeGzINxXZS.jpg,tulip
NsRlma1gRp4lzxKb.jpg,tulip
NygIQyGRklG39xvH.jpg,tulip
O3GYsh9LUc0g4QdP.jpg,tulip
OBVLQfjqQtjidT0H.jpg,tulip
ODxtCyMR5zDLua0B.jpg,tulip
OKeYv6f0pp9Txioj.jpg,tulip
ObSvSmpmswDyspZG.jpg,tulip
ObzHcFjKoi2yt3Qy.jpg,tulip
OdwWmLRr9Sk9ACgg.jpg,tulip
Ogq9LfF2rPlOFMlx.jpg,tulip
OjRh6EnM2Jqg4t3m.jpg,tulip
OjbrCP7aGY6LjdrW.jpg,tulip
OuMjRH7IpnM2q8Fa.jpg,tulip
OxtUHpnBnVeE4rVt.jpg,tulip
P34vxH3sTLMcVTjH.jpg,tulip
P8zUXVfGTtT7TTAx.jpg,tulip
PF9B5CSl7anRo1nx.jpg,tulip
PHoGkN6ohLYHAaCS.jpg,tulip
PI5ZLHXrQrHYzprv.jpg,tulip
PVZCoM3UK2VOKy14.jpg,daisy
PhkMD2ZaozOlsc3O.jpg,tulip
PiIc3iv7BcPtNZew.jpg,tulip
PlyVbhnYrgE8fDq9.jpg,tulip
PnmbbxLJI8Zvvi4h.jpg,tulip
PqEfV5FzWieVAv5e.jpg,tulip
Ps0g8PIX3aWHqQHY.jpg,tulip
PyHRj5wuvy46YoYN.jpg,tulip
Q0KRga9JIraDXs5u.jpg,tulip
Q66p6F6X3wI6k5YG.jpg,tulip
Q9AV3mc3h5qI5oJ2.jpg,tulip
QCbMZ1KOPPuLy9kU.jpg,tulip
QDYot09oadD2YjcW.jpg,tulip
QDdX2ZQBvgJw1hF9.jpg,tulip
QICjXwfOj3eL9FTb.jpg,tulip
QOHpRCs7tRDrl6dY.jpg,tulip
QUGebGVXQDUOKWiQ.jpg,tulip
QY3iklZpT7sE3WX7.jpg,tulip
QbCZB0lIqwSIJXaX.jpg,tulip
QgE86UdAaxdxHGyk.jpg,tulip
Qh5iSB73BbtGikFT.jpg,tulip
QktJUgnguFY9kgz0.jpg,tulip
QqRoaDpezeDgJI6A.jpg,tulip
QrneyeXyBP2eaKai.jpg,tulip
QtrppOu0a9piPcvn.jpg,tulip
R0Br0P4wgOhGNRhA.jpg,daisy
R0K5OChMH4O4BfVg.jpg,tulip
R6Q1sxUUVh0jZbUB.jpg,tulip
R7xVH2DVYg4BOTZ8.jpg,tulip
RC2ubhbSQd8HVqfJ.jpg,tulip
RFbLGhJWTRG7KmNr.jpg,tulip
RIa96SPMctnMwAwb.jpg,tulip
RTcFJr8Qrxj7v70w.jpg,tulip
RYQzBuagQQMLTTKB.jpg,tulip
Rb0qS4rDko6YkACv.jpg,tulip
Rb3PPMGFJ9AhDbuJ.jpg,tulip
Rc5mGSgzAdSvUtL2.jpg,tulip
RclAqNFnO3vPKpeN.jpg,tulip
RelOerOd3JUsXA28.jpg,tulip
RlsccG5Fa57jVLWh.jpg,tulip
RuiFG8BcT0Da32nZ.jpg,tulip
Rw1C7nDh029jftfq.jpg,tulip
RwM8haWsVlRiTR0W.jpg,tulip
RwPUbzCMTCp2bDvB.jpg,tulip
S1hoaPNgUhfwdfcH.jpg,tulip
S23gCTTexxygP1dM.jpg,tulip
S5V3XGzOuroycYrp.jpg,tulip
S84Bss55R9mV1KiO.jpg,tulip
SE807HRAC4NN0eAP.jpg,tulip
SLCXAS1tTXloLV3a.jpg,daisy
SNCuizg5RHht90Tq.jpg,tulip
SXZ6ct1XaxTkofGz.jpg,tulip
SawuvoC0lKTWXJux.jpg,tulip
SeJsJqrciEZLtujr.jpg,tulip
Sol7PVM2wo4KCDEj.jpg,tulip
SyhAddYSvsoL8NW2.jpg,tulip
SzDxGDobJ2loTDLe.jpg,tulip
T7RRRuQVqolHg6he.jpg,tulip
T99UJcJca4khIo6V.jpg,tulip
TBxO1J0gCouqHFqT.jpg,tulip
TJpBJH3cEelInIP6.jpg,tulip
TLaX9VNBcFUqKjaq.jpg,tulip
TOavV8reZmopzP1p.jpg,tulip
TVOjGwSuVIqnt3BS.jpg,tulip
TftBRIvgXDj6xvoA.jpg,tulip
ThRZPt0jQS3TK5hs.jpg,tulip
Tjl9Olgjkgaqo6qX.jpg,tulip
TnG4xWMlkkJFElbK.jpg,tulip
TvznPWvLaMZMijz6.jpg,tulip
U07TFAHBGBm1w1n9.jpg,tulip
U5idCx8qT9uoixnq.jpg,tulip
U5lZkUA1nNpQNAd5.jpg,tulip
U6VSf87hEyZTdmCl.jpg,tulip
UKsmmRnivnriKvq8.jpg,tulip
UMjpVx5S1ZnJ6b4y.jpg,tulip
UP30a74BXsMjzWq6.jpg,tulip
URA5SohyXCxFtswG.jpg,tulip
UW23GH8vqJBcAv4O.jpg,tulip
UcYWnQ1ojolU5054.jpg,tulip
UmviUVjeQYxI3UrI.jpg,tulip
Uqeq42XpHEmxDMla.jpg,tulip
VAlx7KsiRATWTKnx.jpg,tulip
VAsIjjbdCacGAxNw.jpg,tulip
VFmFx5DdVa1rOXIP.jpg,tulip
VPLSiNE20SlyAW1C.jpg,tulip
VPRLkPP5mkMgLOMi.jpg,dandelion
VSGLibmNw9kcNoTk.jpg,tulip
VTPIks5WfrGnMx4m.jpg,tulip
VYglAZPzBJiNQG0K.jpg,tulip
VbPDFU7erDX1SgaX.jpg,tulip
Vn7ahWYsZz6J6xBE.jpg,tulip
Vxgtc2VnYeFSb1qz.jpg,tulip
VzqgtSixGkQ2KirB.jpg,tulip
W2k3dJjzhCwcBU12.jpg,tulip
W8K86HlsPSJCRtmM.jpg,tulip
WCea0KMIpCZqi76I.jpg,tulip
WFa3HGE8Mvd9pu55.jpg,tulip
WGZNbdS1dTIDBYoh.jpg,tulip
WJRhX6xB1uZawcKV.jpg,tulip
WKMb6uBYEVImyaew.jpg,tulip
WM1sOxWNiS90lZv7.jpg,tulip
WOsGwW5BiNU53mMd.jpg,tulip
WVaKolrXogyaTFnf.jpg,tulip
WaUxf6VOq4CVlexs.jpg,tulip
WoeBBXUIvzZNyhMU.jpg,tulip
WrtYUYZJi0eTZWgq.jpg,tulip
WtnvLUw1nfaqNQ5n.jpg,tulip
X0fdYgOFfb3iCo4c.jpg,tulip
X635thUp5kNgAAKS.jpg,tulip
X6WeLXkBfF6ANO3A.jpg,tulip
X83Kvux2nfUKVPD9.jpg,tulip
XKYxPGbbXsj4aHKr.jpg,tulip
XKktQXY55MTRToiH.jpg,tulip
XP3SnCAoUVf5I5r9.jpg,tulip
XPoEjmexWyqp0TpU.jpg,tulip
XcUVaeex3wn8Wig9.jpg,tulip
Xdq6xmrlIfXktVqz.jpg,tulip
XnRTJyEamNGIgIuy.jpg,tulip
XozBCEKTrIrL9pzT.jpg,tulip
XxVtHreQAc2E8dq1.jpg,tulip
Y59avB7IVLyg5QM3.jpg,tulip
Y9sX16CJAvnBbNf3.jpg,tulip
YD2Ily9rWCeWmEN8.jpg,tulip
YEqew2nJMRSJJGlh.jpg,tulip
YFITMCdym66ct0Rs.jpg,tulip
YKthFBwxojqqTBBY.jpg,tulip
YeeEa0PvfxUM5ziI.jpg,tulip
YiDKDV4DLDOiQmGR.jpg,tulip
Yk09J2o7ePfyLUR0.jpg,tulip
YkRJWejcFLEJn7DS.jpg,tulip
YtBt3LGTvfxTpdGi.jpg,tulip
Yw7fuGsXEF1BYnC6.jpg,tulip
YxiQ4hPXFaCtOh1s.jpg,tulip
YxwymOvDkD5ExWkH.jpg,tulip
Z30YRh9Vn5JodC6D.jpg,tulip
ZLij8ZVZZEaFXGBR.jpg,tulip
ZNLHrRb6E07POVre.jpg,tulip
ZSXPVcCdJkbO49tF.jpg,tulip
ZSd1VJouDbhCM1Gv.jpg,tulip
Zatpl22c9N4FUc1S.jpg,tulip
Zb6PVdOj0imAX4BQ.jpg,tulip
ZgYByNXjvqsVkXi3.jpg,tulip
ZkXNBzslScuW4KeM.jpg,tulip
Zs0Ei7z77UmsqIi3.jpg,tulip
ZsK7pJpS28ojYyel.jpg,tulip
ZyNR3dwdq5R2NVh4.jpg,tulip
a0G1gSlAa0mlNBWx.jpg,tulip
aAdi3hTZIpJtJoGD.jpg,tulip
aCvxtKvhex1NONzx.jpg,tulip
aJGsGCrKLzmdMgj6.jpg,tulip
aTCkDZrwo7RKH1Id.jpg,tulip
aTqvLj8Ny2I6g1VS.jpg,daisy
aU0bMurCJrSwZ3m4.jpg,tulip
aoYRpgEIf7vAcV8r.jpg,tulip
asFDSRvDtKIMBBkw.jpg,tulip
atPA5JH1120YItAe.jpg,sunflower
axozZcSbKCeneQsW.jpg,tulip
b0e64RBKXsvMKymh.jpg,tulip
b7pE9dCNDgrWKG5j.jpg,tulip
b7pLAr4EvSpYR80D.jpg,tulip
bAAYYW4wLKHPe3r2.jpg,tulip
bAb3DartwhyKcATa.jpg,tulip
bBC40yZPd9W1xXtp.jpg,tulip
bHBx5v7lcDspEgRx.jpg,tulip
bKNBFGtEhvhk8EhC.jpg,tulip
bO6dXEf7tKIBuNXX.jpg,dandelion
bPi7z0qq8g24AEfL.jpg,tulip
bUzRAES2jQDZvlZR.jpg,tulip
bZlDAMkQOoYMx3ZD.jpg,tulip
bZszEOvt9s3Y6WvD.jpg,tulip
bbRUPMALgI9ezrwV.jpg,tulip
bcikc3yqAz6ftS2v.jpg,tulip
bovcYkpaDJzqxJAz.jpg,tulip
bp4l27KNfEa8J9V9.jpg,tulip
bxnj2u6ZNV6r6wf9.jpg,tulip
bzgtLTWfycDnzftw.jpg,tulip
c15Szgry14vJj8cG.jpg,tulip
cCta51qP0fL7wRYg.jpg,tulip
cEkuf6ZDLo8nJUb5.jpg,tulip
cHlbhlzn2UJbp0ah.jpg,tulip
cIJ5tjvH1u1AIsAq.jpg,tulip
cMU8pfgoFYj1eDxk.jpg,tulip
cPTmHKlU8sMgBlyQ.jpg,sunflower
cWOTqa7pjEB0hnmg.jpg,tulip
cbclsvdLa0sbiTq3.jpg,tulip
chFbtVsPLpuKU8az.jpg,tulip
ckQBf9XhBk9j6yWt.jpg,tulip
crUCL73YXSwcqXYm.jpg,tulip
cu6yzeKyfUJRWfjo.jpg,tulip
cz9TrS63fJ9amFBn.jpg,tulip
d18ecw1b7EdsWU0M.jpg,tulip
d2cmJIKJaQDuSg9H.jpg,tulip
d80MfBbyfPXEcUru.jpg,tulip
d9fKBmx1yfl4oHsK.jpg,daisy
dJNqMmJ8RfhamZGy.jpg,tulip
dOXuO3SXA3wPQZ4L.jpg,tulip
dTVdxNbebjKGWGuj.jpg,tulip
dXYL0w2IVPDn9zUw.jpg,tulip
ddJeMtevgOjgAcSE.jpg,tulip
dku2u0lnlQNNPpPe.jpg,tulip
dlGHwuKssh0kOWsT.jpg,tulip
dlRLih5pzunsQ5qA.jpg,tulip
dn5W0sz9cyoNMfnB.jpg,tulip
drC75rdhv1YQ6apu.jpg,tulip
drLUoVglmjHChMdX.jpg,tulip
dufZzcbdlCJcrsp5.jpg,tulip
eAsuvWZw9rfeg053.jpg,tulip
eB5NcdATQVVa8MoS.jpg,tulip
eHqHXWTDcIM76Fjp.jpg,tulip
eIhYEPNLJgAks1qh.jpg,tulip
eJzlTic2vIvMDg5e.jpg,tulip
eOPCWyJ1R8mvjAe2.jpg,tulip
eOmH37IpDdMDCHqO.jpg,tulip
ePFwUMTjn11a13wK.jpg,tulip
eVmTO5dHdRNGkQtY.jpg,tulip
ebHNzy0hViY0GjKU.jpg,tulip
ebhFQFTtrpsmAsvW.jpg,tulip
elYU2g5TACfMLfDb.jpg,tulip
ems5R5FVMkGaKeQG.jpg,tulip
eugVk9ikt3uxA5By.jpg,tulip
exV336dph9I6CdKN.jpg,tulip
eyFkrIiwsXBOIiHk.jpg,tulip
ez94EYiYvAxgjoeV.jpg,tulip
f07NkFont0xyAbCZ.jpg,dandelion
f1DMix6leMloTLd1.jpg,tulip
f5o6Z0Za9llGdeJ2.jpg,tulip
f6iqRTuvI0TRdaa1.jpg,tulip
fOYarUBcYpx9JNvu.jpg,tulip
fSrH2sZz5L1PtMsO.jpg,tulip
fc2Ff0x3yPUt4Zod.jpg,tulip
frxY1vz7MSCBunHJ.jpg,tulip
g0gG4e6gJE05yOeA.jpg,tulip
g89tZMSYb2TUnfr2.jpg,tulip
gDcHy36yKyFXgd0B.jpg,tulip
gJBEwevuXOVyyStV.jpg,tulip
gLh9toqkt5yE7dx2.jpg,tulip
gN191TDwMSV2LHTt.jpg,dandelion
gPHTtpudV5rbCKxy.jpg,tulip
gXzfGbZC4ptB0Ghc.jpg,daisy
gaNZYL0wM3gNe3kl.jpg,tulip
gj7SeID9vyLyZDPE.jpg,tulip
gk3Do6abCW1nf7ot.jpg,tulip
gmvu7Z0C2kVBgVxr.jpg,dandelion
gtT0AGS53YNe8MPe.jpg,tulip
gy9I969fdHNAhXIm.jpg,tulip
h09jBbdjQm0z1pow.jpg,tulip
h0xJCURMuq9Eozcr.jpg,tulip
h3OHBEocJIfsGol9.jpg,tulip
h4YRJONfJtqpsm5X.jpg,tulip
h7IM37ohHHwUcUYX.jpg,tulip
hBkFTtfUZLGMxiMQ.jpg,tulip
hBlZJTfd44QsRCcb.jpg,tulip
hCauJaiFaXDaucnv.jpg,tulip
hE41HbXoiND8braU.jpg,tulip
hFahzzOI4cVZwXY2.jpg,tulip
hGhEKEQSOZbh56k6.jpg,tulip
hHicw8U5l0wAE5P9.jpg,tulip
hJadLQfuzCsjrXwp.jpg,tulip
hKPK1kEA3RsvgJH0.jpg,tulip
hL2zxxzb9NFXhqrQ.jpg,tulip
hMxRskuWi6CY9mbQ.jpg,tulip
hVxBvvFy8a3GrTDH.jpg,tulip
hWYsIiZyX4y5nfFk.jpg,tulip
hYqeVkqmEMh1XsM9.jpg,tulip
hZKVDqtkJTPIOpGz.jpg,tulip
hZQHecgMXBw0F0PR.jpg,tulip
hdeYW7ZvYlFT3Sgy.jpg,tulip
hdfDKtOqOBeHiR8R.jpg,tulip
hpyA8KJLRQABPXUL.jpg,tulip
i1KwqXFk4oEQ2hDG.jpg,tulip
i3Ecqvsov1Qa0xrE.jpg,tulip
i3RIIbXXSZyl65zU.jpg,tulip
i7iFKpfXdQ9Au50c.jpg,tulip
iAsBm3y9lenEo2bl.jpg,tulip
iHuMds3PZscr3X69.jpg,tulip
iHxEDOlGT1bkzPyD.jpg,tulip
iKUXwMcawAHNB5IU.jpg,tulip
iR9X6Ld7WOC4fyzq.jpg,tulip
idHXdZa50QzgFfib.jpg,tulip
if1JDBvWhLi1bd73.jpg,tulip
ipKBY5PubVW7tkyU.jpg,tulip
j01Ok8vxa5C7AYL4.jpg,tulip
j1jCZSszjJt1IzYW.jpg,tulip
j5SDx30ZAD5gZk7h.jpg,tulip
jB7hfLCsyeBRIICU.jpg,tulip
jEmeQZIVcRHoPh1D.jpg,tulip
jFzH37E7zdpeKOWY.jpg,tulip
jHcSrk53PcoghE1K.jpg,tulip
jKTz6qfkuitOvXLL.jpg,tulip
jLTI5rUuTFRinNkn.jpg,tulip
jQPwCl5hb2ojPS7E.jpg,dandelion
jR7O93IiDdrtZ70H.jpg,tulip
jS9YZpF6mcMvChZ0.jpg,tulip
jUZQVvaUdXhK148Q.jpg,tulip
jV1S1yfxfN0Hyll1.jpg,tulip
jZSe3uTp8nh5if26.jpg,tulip
jjRro6Tkyy1kC428.jpg,dandelion
jk4BHxMNYnm7aCk3.jpg,daisy
jyKOYWWoiJdfPxFu.jpg,tulip
k3NrpHoydDHjLddd.jpg,tulip
k4XQ6mhDJf4kwKkP.jpg,tulip
kBxFz1VF2pQp4D2c.jpg,tulip
kGpsUMkj7W5d6MFT.jpg,tulip
kHM2WojIInxZvqdt.jpg,tulip
kOvl2GfzejKlaTOI.jpg,tulip
kSJdFw1HfSY7KpdV.jpg,tulip
kT9M1SGYSbJIhgaT.jpg,tulip
kX3QLPtoBX6NuNoB.jpg,dandelion
kXYFR0RjJw5pS4k0.jpg,tulip
kaWI2kgfY1d79RsP.jpg,tulip
khpVhybBLHVS9XAu.jpg,tulip
kjQxxZq4R9Fxczyw.jpg,tulip
kjkORs0JFqkhKqEh.jpg,tulip
knDMu3h8SpDq5egt.jpg,tulip
kpbSPN3uR9Qq5rkY.jpg,tulip
krfSAbdjBwI2poHN.jpg,tulip
kuhhgyl9H8q7TmWP.jpg,tulip
kyoFnX9BWIoUmX3y.jpg,tulip
l9Sb7CGJfQsYAS6e.jpg,tulip
lBM2jwhxkjDJfZS4.jpg,tulip
lIgcbXuNgjSVxtPX.jpg,tulip
lTMsX9otGnYPc6qF.jpg,tulip
lclkWH0tVeAqZYuD.jpg,tulip
lmSkqfujkN1MUYcG.jpg,tulip
lpcrVCJ3hpYMI1jD.jpg,tulip
lt2Yu2Ky0RGZ0J5i.jpg,tulip
ltAtMxHd4vblGsG1.jpg,tulip
lwVD5tmNSaMbJHKm.jpg,tulip
m1ySb7jhQgIYm0UQ.jpg,tulip
m5l9r1goJ8KjgO0A.jpg,tulip
m9pE30vmoSpLDvSV.jpg,tulip
mFRpyF0KhWGMGac3.jpg,tulip
mRQy0qBTcae8ziXy.jpg,tulip
ma4b6IdRRc2O6pbH.jpg,tulip
mbas27j8x2TDOk8h.jpg,tulip
mcrkqF0UldYMQIFV.jpg,tulip
mcttXYjZgyOuryD2.jpg,tulip
mdnlOmZyGhjHfsNt.jpg,tulip
mfjF2zFogTPPumO9.jpg,tulip
mjzM4xRu27Y1lWAB.jpg,tulip
ml8ZjlGCOq17RCh9.jpg,tulip
mlU3SFYeKDL7YuSl.jpg,tulip
mnvON6uGeRylEeKw.jpg,tulip
mrJ8Zt4VNeWoAQSi.jpg,tulip
msPxHm0RVGvMvJOm.jpg,tulip
mx2wzQl71AovvIlP.jpg,tulip
mzCgurvcYdoIolnF.jpg,tulip
n0qtiTku8XzrqhpS.jpg,tulip
n0wnuP4ME5An4z3S.jpg,tulip
n2f6hkdizpXNYTm9.jpg,tulip
n9qA0D6nQO3KYeRw.jpg,tulip
nA0rppE5hNi4wXPN.jpg,daisy
nAporpR4BNYPmqKr.jpg,tulip
nOTFeiHd9r4pahuB.jpg,tulip
nRCwmYzwaqkwMzI0.jpg,daisy
nRclodFbiAla4N7R.jpg,tulip
naD2672jB268abxa.jpg,tulip
niMyDUpf97WeDJn1.jpg,tulip
njw2yENjEzKtAuEk.jpg,tulip
nlCR1PKmDxjHZZ8k.jpg,tulip
nnXhbNyRkk4I8YDK.jpg,daisy
nosGKSedybwRksvu.jpg,tulip
nrwRpMR5IaAs57AC.jpg,tulip
o3lvx748LqCfFjw3.jpg,tulip
oNVSkDTTg7FmZeFB.jpg,tulip
oORwIuBsGfOKkAJt.jpg,tulip
oQMRwM8JDK3iXF2J.jpg,tulip
oRJEweJp5Bhto1Er.jpg,tulip
oRVBJpXbfuL8qcRL.jpg,tulip
oWXgqhOg5lV7cljJ.jpg,tulip
ofzcPqE9NvjL1qHf.jpg,tulip
oqBcqqOTCEvOPs5j.jpg,tulip
oqJdDXFOc7JsIesA.jpg,tulip
osxBS2EjpfSEtO8E.jpg,tulip
otxUQqtlcDXTpTxb.jpg,tulip
ouAHCFX5I6T8WLXS.jpg,tulip
p7lM1UVIX6htr1On.jpg,tulip
pF0zE4LownYycusL.jpg,tulip
pGehZ4Ovppg3AW46.jpg,tulip
pI7d2WwU7URRJMBa.jpg,tulip
pIuWL97BwPNvduJu.jpg,tulip
pKYR1AxPIhcuJ9qf.jpg,tulip
pPRfWNSwQoW3qiVy.jpg,tulip
pRf45w5qPIn6WimK.jpg,rose
peOP4vXxBvtyxzIT.jpg,tulip
pnG3fd3LiRuI1235.jpg,tulip
pnQcM0v3mid77fEc.jpg,tulip
pqKEE2BalPjvKAob.jpg,tulip
q3SuEf528hG1kpMd.jpg,tulip
q6L0CSvhGRAKkLTc.jpg,tulip
qCYCfEzw7atdcSGP.jpg,tulip
qGxbrAHqHYMYycwd.jpg,tulip
qInwSkcuDNM5mly4.jpg,tulip
qNd5sBcJSpcqJtTF.jpg,tulip
qOXEuIwxnmmcrl4h.jpg,tulip
qPJmOLaZpLsOQLfh.jpg,tulip
qPSDkHBVlrwa9Ixc.jpg,tulip
qV6UnsrebrNnh1UL.jpg,tulip
qZZSF4Fa7pAsVzFJ.jpg,tulip
qbnbCgYeR3jUTLJe.jpg,tulip
qk9uYyspi1NgRa5X.jpg,tulip
qrDn4Iq0kDIcxHau.jpg,tulip
qxtFwl6O2Ee9QmwV.jpg,tulip
qzuTMHTbAoS275hU.jpg,tulip
r0Z1laDQTYDx67mk.jpg,tulip
r2P7uJ2HozrgEnLt.jpg,tulip
r3F5ZApVI62GFS76.jpg,tulip
r3YUuUuH0axiqu6d.jpg,tulip
r6pFRglQhwze3YL3.jpg,tulip
rCwlsLxbM2g68vp9.jpg,dandelion
rL0Kh3Ttv3EmnQRA.jpg,tulip
rMzZJyiZGMu6UluO.jpg,tulip
rPjTYO3OV8poVGdn.jpg,tulip
rSFmkgIteLsiLR8K.jpg,tulip
rfXpIFyfb0i9F3mn.jpg,tulip
rnPSHUqlxbJF7kKh.jpg,tulip
ro8tMQJI2EsIFZ9C.jpg,tulip
s5Hq74Zsyuot30CX.jpg,tulip
sPHiPwxShMqmsH5k.jpg,tulip
sUevoGA7YBPKEMfp.jpg,tulip
sUjEtd5JngzS4W2z.jpg,tulip
sWg28AFmt5ukk5Hs.jpg,dandelion
sYhEP9b2UlnmsgXS.jpg,tulip
saTui0xHbGjTRQDA.jpg,tulip
sk6wLFfK4mscK7YO.jpg,tulip
sruVzms8MkeFYV1G.jpg,tulip
svc9cgFneKgZXeq3.jpg,tulip
sw9USs3AmJMVfLQ4.jpg,tulip
t25yGrFbTnGCAq92.jpg,tulip
t8nHgalnxkpm4pdk.jpg,tulip
t8wjGjabQr3HM0CO.jpg,tulip
t9GL1HUwFM2KC5lu.jpg,tulip
tJ7oPgqkCAcMywqo.jpg,tulip
tLpGKMAvZVIynyJM.jpg,tulip
tP7EGSg35kWhllkY.jpg,tulip
tP82c3FGsk6Ae08Y.jpg,tulip
tZNjtnO9DVfwvU2N.jpg,tulip
tjkADAMWgujJUjOG.jpg,tulip
trMgiPGeLT82U6vp.jpg,tulip
ttKPtpUic1smIQJl.jpg,tulip
tz70aEY6c2pdxYUJ.jpg,tulip
u0GFXCouMxBl9Ohe.jpg,tulip
u6Qk7ck1EO2EVq8S.jpg,tulip
uDcRFyTAFCyI9AiD.jpg,tulip
uQPhQSnT4UhWvtlq.jpg,tulip
uYPZ9gXs8DO4hB7h.jpg,tulip
ucqZn5RK0SmSQf4M.jpg,tulip
udmnWPeKi2xMdiW1.jpg,tulip
ujkn0YN3pk46DVAy.jpg,tulip
un17utxIQVyeUeOA.jpg,tulip
uqH0ooOgIeQv2Wfb.jpg,tulip
utX2rSCm6M1eoRNS.jpg,tulip
uxDlFBt8JrVRxFYq.jpg,tulip
uzqMadhic8khG6uU.jpg,tulip
v3xF6CNppwiCuvFy.jpg,tulip
v4v0NN3cbrwnbvAl.jpg,tulip
vBr0UESCFWnMwdp6.jpg,tulip
vMbPrrOvE6GIXuTd.jpg,tulip
vOiWbqC5ukSVPmwv.jpg,tulip
vPuF6AfPG80u6KCc.jpg,tulip
vVvWXW1oumRdg2Cs.jpg,tulip
vWZ1McAZBjfoFqg4.jpg,tulip
vaDX7kff47V4mhxm.jpg,tulip
vb3oKErJBVvsrbUO.jpg,tulip
vjNlnmm9nUsYbiN7.jpg,tulip
vjmE0S5NfMA6Ywh4.jpg,tulip
vkNAgUaUGzV4HK7h.jpg,tulip
vmyjsrdxuIdvwLY1.jpg,tulip
vnKWsVfwfhzMAmWT.jpg,tulip
w5JDmIqG6WKSdqxQ.jpg,tulip
wJ1KIPchTXidmmyK.jpg,tulip
wKR1xHr6cM7FlgmM.jpg,tulip
wPU9E03bmHkuOWfu.jpg,daisy
wdZsOZtDeJHjUHxy.jpg,tulip
weFq3MeFy71O7SDt.jpg,tulip
wfhgYcNZbIJi0iIo.jpg,tulip
wfk9ps2N9fWAGDfq.jpg,tulip
wje52kJJA7h5dYRk.jpg,sunflower
wthIxz0C0Fw9JyI7.jpg,tulip
wtp4ZJHl0uGOqvXH.jpg,tulip
wzAKItmQ0eCWagfl.jpg,daisy
wzuiR7MMEFcC4SQb.jpg,tulip
x9rGVQfkiINSz7CS.jpg,tulip
xCqvsEhSl7dPH9fa.jpg,tulip
xElPPxTNIEOp2vRi.jpg,tulip
xICzasYTToPm4ZYh.jpg,tulip
xUoF2Ps1XBQAs9KV.jpg,tulip
xWjlhd21vyWOEkEn.jpg,tulip
xXVgKLUzkxDyhAtf.jpg,tulip
xZ2piNLtX63UTaO9.jpg,tulip
xZHkQwDrI77lmNTh.jpg,tulip
xdon5vvQHECg2CzC.jpg,tulip
xjaTxseEKJKJE04O.jpg,tulip
xkLaTSaySDn7G3Ny.jpg,tulip
xvbbqKtAazGT07zP.jpg,tulip
xyL81N4t06schOkv.jpg,tulip
xywcKkHOA89SERF9.jpg,tulip
y2qMfWNA5fc0OfUA.jpg,tulip
y34nIAvqETYQSM6O.jpg,tulip
y62KFWKUEGAoO4Qa.jpg,tulip
yD4kdzl8kkqfUtBP.jpg,tulip
yICuagdJKaVPgCfe.jpg,tulip
yJVhWhLGXGnvVDGW.jpg,tulip
yQ3WxsRLNHI5YdCX.jpg,tulip
yofcZ3aLyRXsbonY.jpg,tulip
z1mOD2sABgmg7vMo.jpg,tulip
z7pLfL1X6B7qE0zu.jpg,tulip
z8jkhqKr3MCHFpWL.jpg,tulip
zIcVBrrrQA4H1e1M.jpg,tulip
zJeauTmRS7Gbs7Z5.jpg,tulip
zQL2GroUhQ8uW4WY.jpg,tulip
zQP5HMypRUAQPLms.jpg,tulip
zULLahfQAySCfdw7.jpg,tulip
zUWSaAZkUygN9zFh.jpg,tulip
zVPKemZK4f2Sj4Oc.jpg,tulip
zXohNDtTNkaYTMvi.jpg,dandelion
zYo03Dka8IkmpEES.jpg,tulip
zdMWA76QbxnpnqzP.jpg,tulip
zfEWJctelHbsmccl.jpg,tulip
zm7cxmA6treumkDU.jpg,tulip
zmiEjCp32jQQLheD.jpg,tulip
znisO4361stNYHAL.jpg,tulip
zrP17HSLtbAD7mHw.jpg,tulip
zw6P2XqTrXbuZRFy.jpg,tulip
zxz3BUxZdRpirxdv.jpg,tulip
